,nombreParada,codParada,lat,lon
0,Av. de las Postas - Lorenza Correa,152,36.737835,-4.4222507
1,Emilio Díaz,153,36.73573,-4.4235854
2,San Juan Bosco - Albéniz,154,36.734028,-4.422321
3,San Juan Bosco - Segalerva,155,36.732384,-4.4218493
4,Eduardo Domínguez Ávila,1354,36.730183,-4.4214997
5,Plaza de Capuchinos,156,36.72956,-4.4204803
6,Alameda de Capuchinos - El Ejido,157,36.73055,-4.419164
7,Alameda de Capuchinos,158,36.73202,-4.417219
8,Cristo de la Epidemia - Fuente Olletas,159,36.732513,-4.4155602
9,Cristo de la Epidemia - Tejeros,160,36.72929,-4.4147544
10,Plaza de la Victoria,161,36.72701,-4.4140153
11,Plaza de la Merced,170,36.723293,-4.416717
12,Paseo del Parque - Plaza del General Torrijos,301,36.72041,-4.4133034
13,Paseo del Parque,164,36.71953,-4.4162693
14,Paseo del Parque - Plaza Marina,1803,36.71878,-4.418946
15,Alameda Principal - Norte,119,36.717865,-4.422057
16,Av. de Andalucía - Hacienda,305,36.716938,-4.4267535
17,Cuarteles - Perchel,306,36.71526,-4.426784
18,Cuarteles - Eslava,307,36.71278,-4.429303
19,Héroe de Sostoa - Estación,308,36.711132,-4.4314823
20,Héroe de Sostoa - La Isla,309,36.70874,-4.434483
21,Héroe de Sostoa - Jardín de la Abadía,310,36.70665,-4.437131
22,Héroe de Sostoa - Obras Públicas,312,36.70484,-4.439438
23,Av. Europa - Bda. Dos Hermanas,1202,36.7024,-4.4466333
24,Av. Europa - Bda. El Torcal,1203,36.70149,-4.449624
25,Av. Europa - San Andrés 1ª Fase,1204,36.70044,-4.451877
26,Av. Europa - Vistafranca,1205,36.699062,-4.4542956
27,Av. Europa - La Luz,1206,36.69834,-4.45557
28,Av. Europa San Andrés - 2ª Fase,1207,36.697647,-4.45684
29,Av. Europa - Cmno. Viejo de Churriana,1209,36.69678,-4.4584746
30,Av. Europa -I.E.S. Santa Bárbara,1211,36.69521,-4.4610763
31,Hermanos Lumière,172,36.692966,-4.463751
32,Av. Europa - Santa Bárbara,1261,36.695618,-4.460172
33,Av. Europa - Cmno. Viejo de Churriana,1252,36.69668,-4.4581833
34,Av. Europa - San Andrés 2ª Fase,1253,36.697674,-4.4563174
35,Av. Europa - Vistafranca,1254,36.69883,-4.454258
36,Av. Europa - San Andrés 1ª Fase,1255,36.700253,-4.451703
37,Av. Europa - Bda. El Torcal,1256,36.701595,-4.4487414
38,Av. de la Paloma,1519,36.702087,-4.445263
39,Av. de la Paloma - Bda. Girón,357,36.70094,-4.442686
40,La Hoz - Mercado  de Huelin,1259,36.7026,-4.4383025
41,Ayala - Jardín de la Abadía,360,36.705757,-4.4361143
42,Ayala - Iglesia,361,36.70729,-4.4344482
43,Ayala - Los Arcos,362,36.709717,-4.431534
44,Salitre - Jacinto Verdaguer,368,36.711807,-4.4289823
45,Salitre - Pasillo del Matadero,364,36.71419,-4.426588
46,Av. de la Aurora - Correos,253,36.71586,-4.42704
47,Alameda Principal - Sur,171,36.717876,-4.42142
48,Paseo del Parque - Plaza de la Marina,116,36.718536,-4.4190254
49,Paseo del Parque - Ayuntamiento,117,36.7195,-4.4155726
50,Paseo del Parque - Plaza del General Torrijos,1201,36.720043,-4.413638
51,Victoria - Plaza de la Merced,103,36.723415,-4.4164634
52,Victoria,508,36.725758,-4.4146047
53,Compás de la Victoria,104,36.7274,-4.413547
54,Fernando el Católico,105,36.729034,-4.4137077
55,Cristo de la Epidemia,106,36.731037,-4.415068
56,Plaza de Fuente Olletas,107,36.732986,-4.416382
57,Alameda de Barceló - San Miguel,109,36.732,-4.418102
58,Alameda de Barceló - Monserrat,110,36.731308,-4.420457
59,San Juan Bosco - Segalerva,111,36.73255,-4.4217486
60,San Juan Bosco - Albeniz,112,36.734287,-4.4222836
61,San Juan Bosco - Guerrero Strachan,113,36.737026,-4.4225698
62,Florencia,174,36.737507,-4.4210634
63,Atarazanas,229,36.717873,-4.4246693
64,Pasillo de Santa Isabel,202,36.72018,-4.4250216
65,Puente de la Aurora,230,36.7223,-4.425257
66,Huerto de los Claveles,205,36.727066,-4.425604
67,Jorge Silvela - Cruz Roja,206,36.732082,-4.4250317
68,Av. Jorge Silvela - Fernando Loring,207,36.735397,-4.4247518
69,Av. Ramón y Cajal - Cristo Rey,208,36.738297,-4.4241014
70,Av. Ramón Y Cajal - Bda. del Carmen,209,36.741043,-4.4232445
71,Av. Ramón y Cajal - Bda. Sgda. Familia,210,36.74324,-4.422925
72,Av. Ramón y Cajal - Mercado,211,36.745785,-4.4225507
73,Av. Jacinto Benavente,212,36.74897,-4.4235425
74,Arroyo del Sastre - Limonero,214,36.753784,-4.4258966
75,San José,251,36.755424,-4.4255757
76,Cmno. de Casabermeja,252,36.75296,-4.424183
77,Cmno. Casabermeja - Polideportivo,264,36.750862,-4.422961
78,Av. Jacinto Benavente,263,36.74889,-4.4237776
79,Av. Ramón y Cajal - Mercado,254,36.745804,-4.4227376
80,Av. Ramón y Cajal - Bda. Sgda. Familia,255,36.74333,-4.423113
81,Av. Ramón y Cajal - Bda. Del Carmen,256,36.740932,-4.4234753
82,Av. Ramón y Cajal - Cristo Rey,257,36.738686,-4.424136
83,Av. Jorge Silvela,258,36.73516,-4.425061
84,Paseo de Martiricos,259,36.729572,-4.427085
85,Av. de Fátima,260,36.72561,-4.426643
86,Av. de Fátima - Trinidad,261,36.72329,-4.4261913
87,Mármoles,960,36.721706,-4.4274178
88,Armengual de la Mota,961,36.71998,-4.429304
89,Puerta Blanca - Gregorio Diego,351,36.691048,-4.4532385
90,Av. de Gregorio Diego,352,36.69185,-4.45487
91,Av. de Velázquez - Los Guindos,353,36.694046,-4.4528813
92,Av. de Velázquez - Bda. La Paz,354,36.695988,-4.450407
93,Av. de Velázquez - Vistafranca,355,36.69807,-4.4477587
94,Av. de Velázquez - El Torcal,356,36.700157,-4.445117
103,Alameda Principal - Sur,322,36.717796,-4.4217043
104,Paseo del Parque - Plaza de la Marina,1122,36.71848,-4.419235
105,Paseo del Parque - Ayuntamiento,1123,36.71969,-4.4149218
106,Paseo de Reding - Plaza de Toros,1103,36.720894,-4.410435
107,Paseo de Reding - Keromnes,1104,36.720882,-4.4076843
108,Paseo de Sancha - La Caleta,1105,36.7215,-4.4029794
109,Paseo de Sancha - Monte Sancha,1106,36.721977,-4.400857
110,Av. Pintor J. Sorolla - El Limonar,1107,36.722946,-4.397927
111,Av. Pintor J. Sorolla - Miramar,1108,36.7234,-4.3963275
112,Av. Pintor J. Sorolla - Bellavista,1109,36.7235,-4.3941636
113,Av. Pintor J. Sorolla - El Morlaco,1110,36.722538,-4.3888707
114,Bolivia - Baños del Carmen,1111,36.721436,-4.382356
115,Av. Juan Sebastián Elcano - Pez Plata,1124,36.721943,-4.3794246
116,Av. Juan Sebastián Elcano - Pedregalejo,1125,36.72224,-4.3771143
117,Av. Juan Sebastián Elcano - Los Galanes,1127,36.722347,-4.373613
118,Av. Juan Sebastián Elcano - Las Acacias,1135,36.722355,-4.3697443
119,Av. Juan Sebastián Elcano - Arroyo Jaboneros,1128,36.72231,-4.3669906
120,Av. Juan Sebastián Elcano - Pintor Enrique Florido,1129,36.721996,-4.3649726
121,Av. Juan Sebastián Elcano - Echeverria,1130,36.721184,-4.362197
122,Av. Juan Sebastián Elcano - Iglesia,1131,36.721066,-4.360335
123,Ctra. de Almería - Padre Coloma,1132,36.72052,-4.3560867
124,Ctra. de Olías,1120,36.720474,-4.3531413
125,Ctra. de Olías - Colegio,1121,36.720913,-4.3514147
126,Ctra. de Olías - El Palo,1151,36.721794,-4.348503
127,Ctra. de Olías - Pelusa,1152,36.72101,-4.351482
128,Ctra. de Almería - Chanquete,1153,36.72041,-4.3545985
129,Ctra. de Almería - Edif. Bahía,1154,36.72074,-4.35657
130,Av. Juan Sebastián Elcano - Iglesia,1155,36.72117,-4.3604484
131,Av. Juan Sebastián Elcano - Echeverria,1156,36.7217,-4.3634067
132,Av. Juan Sebastián Elcano - Arroyo Jaboneros,1157,36.722473,-4.367691
133,Av. Juan Sebastián Elcano - Las Acacias,1158,36.72247,-4.3694906
134,Av. Juan Sebastián Elcano - Los Galanes,1159,36.72247,-4.3723936
135,Av. Juan Sebastián Elcano - Pedregalejo,1160,36.722374,-4.376829
136,Av. Juan Sebastián Elcano - Vicente Espinel,1161,36.722122,-4.378956
137,Av. Juan Sebastián Elcano - Cerrado Calderón,1162,36.722008,-4.3824854
138,Av. Pintor J. Sorolla - El Morlaco,1163,36.72247,-4.387556
139,Av. Pintor J. Sorolla - Bellavista,1164,36.723587,-4.3941283
140,Av. Pintor J. Sorolla - Miramar,1165,36.723484,-4.396371
141,Av. Pintor J. Sorolla - El Limonar,1166,36.72288,-4.398424
142,Paseo de Sancha  - Monte Sancha,1167,36.72179,-4.4016066
143,Paseo de Sancha - La Caleta,1168,36.721626,-4.403737
144,Av. Príes - Cementerio Inglés,1169,36.72113,-4.4070935
145,Paseo de Reding - Plaza de Toros,1170,36.721058,-4.4106708
146,Paseo del Parque,302,36.719475,-4.4164677
147,Paseo del Parque - Plaza Marina,303,36.71874,-4.419112
148,Alameda Principal - Norte,370,36.717793,-4.4223237
156,Héroe de Sostoa - Bda. Girón,313,36.702293,-4.442713
157,Av. de Velázquez - Bda. El Torcal,314,36.700245,-4.445392
158,Av. de Velázquez - Vistafranca,315,36.697483,-4.4489284
159,Av. de Velázquez - Bda. La Luz,316,36.696,-4.45078
160,Av. de Velázquez - Bda. Belén,317,36.69366,-4.4537954
161,Av. de los Guindos,318,36.69297,-4.4535556
162,Cmno. del Pato,319,36.69128,-4.450364
163,Av. Gregorio Diego,320,36.6901,-4.451798
164,Paseo del Parque - Plaza del General Torrijos,401,36.72012,-4.4133196
167,Alameda Principal - Norte,425,36.71754,-4.423234
168,Av. de Andalucía,416,36.716938,-4.428832
169,Callejones del Perchel - Mercado,417,36.71498,-4.430447
170,Paseo de los Tilos - Estación de Autobuses,2417,36.71356,-4.433711
171,Paseo de los Tilos - Calatrava,406,36.713028,-4.4377885
172,Paseo de los Tilos - Cruz de Humilladero,407,36.712173,-4.4401
173,Av. Ortega y Gasset - Cruz de Humilladero,408,36.712116,-4.442166
174,Av. Ortega y Gasset - Santa Julia,409,36.711582,-4.4450393
175,Av. Ortega y Gasset - Bda. El Carmen,410,36.711033,-4.448095
176,Av. Ortega y Gasset - La Rosa,477,36.71053,-4.451025
177,Av. Ortega y Gasset - Tiro de Pichón,414,36.71006,-4.453221
178,Av. Ortega y Gasset - Santa Cristina,415,36.709404,-4.4561462
179,Max Estrella - Palacio de Ferias,418,36.708508,-4.4619303
180,Mefistófeles - Cortijo Alto,419,36.710396,-4.4627748
181,Gregorio Prieto - Ciudad de la Justicia,420,36.71352,-4.4627624
182,Gregorio Prieto - Franz Kafka,2207,36.71615,-4.4633465
183,Gregorio Prieto - Pasteur,423,36.71718,-4.4638724
184,Gregorio Prieto - Franz Kafka,476,36.716038,-4.46363
185,Gregorio Prieto - Ciudad de la Justicia,473,36.713665,-4.463148
186,Mefistofeles  - Cortijo Alto,474,36.709892,-4.463113
187,Max Estrella - Cortijo Alto,475,36.708427,-4.462015
188,Av. Ortega y Gasset - Palacio de Ferias,463,36.707386,-4.4602447
189,Av. Ortega y Gasset - Sta. Cristina,464,36.709538,-4.4546146
190,Av. Ortega y Gasset - Tiro de Pichón,452,36.710056,-4.45228
191,Av. Ortega y Gasset - La Rosa,453,36.710346,-4.4507856
192,Av. Ortega y Gasset,454,36.710766,-4.448463
193,Av. Ortega y Gasset - Bda. El Carmen,455,36.71097,-4.447045
194,Av. Ortega y Gasset - Santa Julia,456,36.711506,-4.444248
195,Cruz de Humilladero,457,36.711742,-4.440938
196,La Unión - Sta Marta,458,36.710876,-4.4395385
197,La Unión - Edisson,460,36.711967,-4.4361615
198,Paseo de los Tilos - Plaza de la Solidaridad,468,36.71333,-4.433936
199,Callejones del Perchel - Mercado,469,36.715267,-4.4297657
200,Av. de Andalucía,662,36.716595,-4.4279037
201,Alameda Principal - Sur,470,36.71748,-4.422859
202,Paseo del Parque - Plaza de la Marina,366,36.718605,-4.4187913
203,Córdoba,3602,36.716545,-4.422043
216,Av . de Velázquez - Puerta Blanca,1002,36.692284,-4.4555326
217,Av. de Velázquez - Azucarera,1003,36.682682,-4.467793
218,Av. de Velázquez - Villa Rosa,1005,36.67413,-4.4769626
219,San Julián - Plaza,1008,36.667236,-4.475053
220,Cmno. Loma de San Julián,1009,36.668182,-4.4718256
221,Cmno. Loma de San Julián - Centro Comercial,1037,36.66899,-4.468786
222,M. Curros Enríquez - Ctra. de Guadalmar,1013,36.668545,-4.46423
223,M. Curros Enríquez - Calle Wilkinson,1014,36.66764,-4.46159
224,Castellón de la Plana - Residencia,1015,36.66631,-4.4581714
225,Rogelio Oliva - Hotel Guadalmar,1016,36.664,-4.460632
226,Rogelio Oliva - Calle Wilkinson,1017,36.66552,-4.4633703
227,Rogelio Oliva - Crta. Campo de Golf,1018,36.666786,-4.4661093
228,Ctra. Campo de Golf - Arraijanal,1036,36.659206,-4.472805
229,Ctra. Campo de Golf - Vega de Oro,1019,36.65761,-4.474203
230,Ctra. Campo de Golf - Parador de Turismo,1020,36.65337,-4.4778347
231,Av. Moserrat Caballe - Parque de Ocio,1074,36.65422,-4.480288
232,Av. Monserrat Caballé - Centro Comercial,513,36.65668,-4.4838634
233,Ctra. de Coín - Los Paseros,1022,36.658535,-4.48956
234,Ctra. de Coín - Centro Comercial,1023,36.659645,-4.493402
235,Ctra. de Coín - P. I. El Alamo,1024,36.66069,-4.4989552
236,Ctra. de Coín - Lourdes,1071,36.660336,-4.498854
237,Ctra. de Coín - La Casita de Madera,1072,36.659256,-4.4931545
238,Ctra. de Coín - Los Paseros,1073,36.657974,-4.4891043
239,Av. Monserrat Caballé - Centro Comercial,565,36.656033,-4.4836774
240,Av. Monserrat Caballé - Parque de Ocio,1080,36.653893,-4.480071
241,Ctra. Campo de Golf - Parador de Turismo,1075,36.653793,-4.4774127
242,Ctra. Campo de Golf - Vega de Oro,1076,36.65776,-4.4739122
243,Ctra. Campo de Golf - Arraijanal,1077,36.659008,-4.4719014
244,Dª Clarines - Guadalmar,1011,36.66573,-4.4668007
245,Hespérides - Guadalmar,1012,36.664394,-4.463902
246,Moby Dick - Guadalmar,1051,36.6633,-4.459685
247,Moby Dick - Residencia,1052,36.66606,-4.457215
248,M. Curros Enríquez,1053,36.667694,-4.461335
249,M. Curros Enríquez - Ctra. Guadalmar,1054,36.668373,-4.4633617
250,Cmno. Loma San Julián - Centro Comercial,1078,36.66901,-4.469404
251,Cmno. Loma de San Julián,1055,36.668274,-4.4721065
252,San Julián - Plaza,1056,36.667492,-4.474665
253,Av. de Velázquez - Villa Rosa,1058,36.674282,-4.476362
254,Av. de Velázquez - Canal Sur,1059,36.676453,-4.4749784
255,Av. de Velázquez - La Concha,1061,36.68281,-4.467141
256,Av. de Velázquez - Puerta Blanca,1063,36.691776,-4.455746
268,Av. Antonio Machado - Nuevo Puente del Carmen,462,36.71179,-4.4252462
269,Imperio Argentina - Palacio Deportes,1659,36.683685,-4.457779
270,Imperio Argentina - Marilyn Monroe,1660,36.682396,-4.454475
271,Cmno. de la Térmica - Imperio Argentina,1652,36.68133,-4.450623
272,Cmno. de la Térmica - Central,1653,36.684586,-4.448891
273,Cmno. de la Térmica - San Patricio,1654,36.686516,-4.447855
274,Cmno. de la Térmica - Selene,1552,36.689526,-4.4475307
275,Luis Barahona Soto - Santa Paula,1553,36.69164,-4.446121
276,Luis Barahona Soto - Parque Mediterráneo,1554,36.693546,-4.4444485
277,Av. Sor Teresa Prat - Bda. De las Delicias,1555,36.69599,-4.442348
278,Av. Sor Teresa Prat - Ave María,1556,36.69729,-4.441379
279,Av. Sor Teresa Prat - Tabacalera,1557,36.699497,-4.4398146
287,Alameda Principal - Norte,718,36.71747,-4.42351
288,Hilera - Armengual de la Mota,823,36.71797,-4.428437
289,Armengual de la Mota,621,36.719105,-4.42922
290,Mármoles,602,36.72158,-4.430145
291,Av. de Barcelona,603,36.72234,-4.4316616
292,Plaza de Bailén,604,36.724464,-4.431401
293,Av. Dr. Gálvez Ginachero - Hospital Civil,702,36.72687,-4.429679
294,Av. Arroyo de los Ángeles - Guardia Civil,556,36.72796,-4.4292088
295,Av. Arroyo de los Ángeles - Hospital Materno,703,36.728863,-4.4316993
296,Av. Arroyo de los Ángeles - Blas de Lezo,704,36.73009,-4.434446
297,Av. Arroyo de los Ángeles - Parque Victoria Eugenia,705,36.731636,-4.4365664
298,Ntra. Sra. De los Clarines - Gibraljaire,706,36.731228,-4.438135
299,Ntra. Sra. Clarines - Pza. Monseñor Bocanegra,707,36.73042,-4.4391065
300,Cmno. de Suárez - Cabas Galván,709,36.728333,-4.441146
301,Cmno. de Suárez - Rotonda,608,36.729027,-4.443043
302,Alcalde José Luis Estrada,710,36.730793,-4.4479628
303,Galeno - Carlinda,755,36.730072,-4.4481792
304,Galeno,663,36.729397,-4.4456525
305,Martínez de la Rosa -  Albacete,657,36.728085,-4.443788
306,Barón de Les,756,36.727715,-4.440908
307,Ntra. Sra. Clarines - Pza. Monseñor Bocanegra,758,36.72969,-4.4395967
308,Ntra. Sra. de los Clarines - Gibraljaire,759,36.73116,-4.437957
309,Av. Arroyo de los Ángeles - Parque Victoria Eugenia,760,36.730877,-4.4359436
310,Av. Arroyo de los Ángeles - Blas de Lezo,761,36.729225,-4.4334354
311,Av. Arroyo de los Ángeles - Hospital Materno,762,36.728443,-4.4313183
312,Av. de Barcelona - Hospital Civil,557,36.725735,-4.430997
313,Plaza de Bailén,558,36.72437,-4.4318104
314,Alonso de Palencia,559,36.72061,-4.4327893
315,Hilera,560,36.718384,-4.4309072
317,Alameda Principal - Sur,791,36.71733,-4.423404
318,Av. M. Agustín Heredia,2701,36.71508,-4.4224
319,Av. Manuel Agustín Heredia - CARE,2416,36.712456,-4.4249015
320,Plaza de Toros Vieja,402,36.712418,-4.4273005
322,Héroe de Sostoa - Estación,1606,36.71119,-4.4314065
327,Av. de la Paloma - Bda. Girón,1526,36.70054,-4.4418383
328,Av. Sor Teresa Prat - Tabacalera,1530,36.699337,-4.440255
329,Las Delicias,1521,36.696728,-4.442077
330,Parque Mediterráneo,1522,36.6949,-4.4434834
331,Luis Barahona Soto - Parque del Oeste,1523,36.693565,-4.4446483
332,Santa Paula,1524,36.691223,-4.4466944
333,Cmno. de la Térmica - Selene,1525,36.689537,-4.447721
334,Cmno. de la Térmica - San Patricio,1602,36.687073,-4.4478064
335,Cmno. de la Térmica - Central,1603,36.68468,-4.449017
336,Imperio Argentina - Cmno. de la Térmica,1607,36.68143,-4.451084
337,Marilyn Monroe,1608,36.68177,-4.4542146
338,Alicia De Larrocha,1609,36.68207,-4.4560304
339,Dr. Gutierrez Mata - Almería,1136,36.719265,-4.3517947
350,Pso. Marítimo Pablo Ruiz Picasso - Bellavista,824,36.72246,-4.3969183
351,Paseo del Parque -  Ayuntamiento,163,36.720093,-4.414305
352,Alameda Principal - Norte,888,36.717224,-4.424401
353,Hilera - Armengual de la Mota,623,36.717964,-4.428277
356,Martínez Maldonado - Pelayo,821,36.721535,-4.433007
357,Martínez Maldonado - Eugenio Gross,802,36.721592,-4.436326
358,Martínez Maldonado - Las Chapas,803,36.721592,-4.439004
359,Martínez Maldonado - Arroyo del Cuarto,804,36.72156,-4.441313
360,Av. Carlos Haya - Parque del Norte,805,36.721653,-4.4440618
361,Av. Carlos Haya - Los Remedios,806,36.722126,-4.4465246
362,Av. Carlos Haya - Hospital,807,36.72277,-4.4503837
363,Av. Carlos Haya - Parque Florida,808,36.72312,-4.452561
364,Av. Carlos Haya - Ortega Prados,809,36.72367,-4.454261
365,Av. Carlos Haya - Alcubilla,810,36.724987,-4.4571176
366,Av. Carlos Haya - Teatinos,811,36.726048,-4.460102
367,Navarro Ledesma - Carril del Capitán,819,36.725643,-4.463057
368,Navarro Ledesma - Quinta Alegre,812,36.725346,-4.4652085
369,Navarro Ledesma - Colonia Sta. Inés,813,36.725105,-4.466965
370,Navarro Ledesma - Ciudad Sta. Inés,814,36.724712,-4.470103
371,Navarro Ledesma - La Palma,2304,36.724426,-4.4725437
372,Av. de José Ribera - La Palma,815,36.72161,-4.4723616
373,Av. de José Ribera,816,36.71949,-4.4715014
374,Facultad de Derecho,817,36.717686,-4.4709587
375,Facultad de Medicina,2011,36.717117,-4.473115
376,Hospital Clínico,2251,36.717697,-4.476207
377,Eolo - El Romeral,831,36.720463,-4.4747586
378,Av. Plutarco - Antígona,853,36.721382,-4.476736
379,Av. Plutarco - Parménides,854,36.721653,-4.478842
380,Aristofanes,6252,36.721992,-4.482423
381,Navarro Ledesma - El Cónsul,2358,36.7238,-4.483072
382,Navarro Ledesma - Altamira,2359,36.72433,-4.4792976
383,Navarro Ledesma - Torre Atalaya,2362,36.724113,-4.475584
384,Navarro Ledesma - La Palma,2360,36.724274,-4.4725313
385,Navarro Ledesma - Ciudad Sta. Inés,836,36.72459,-4.4700675
386,Navarro Ledesma - Colonia Sta. Inés,837,36.72501,-4.4669294
387,Navarro Ledesma - Quinta Alegre,838,36.725246,-4.465167
388,Navarro Ledesma - Carril del Capitán,851,36.725452,-4.4626374
389,Av. Carlos Haya - Teatinos,839,36.725613,-4.4595585
390,Av. Carlos Haya - Alfonso X,840,36.724743,-4.45732
391,Av. Carlos Haya - Ortega Prados,841,36.723522,-4.45428
392,Av. Carlos Haya - Parque Florida,842,36.722992,-4.452683
393,Av. Carlos Haya - Hospital,843,36.722466,-4.44937
394,Av. Carlos Haya - Los Remedios,844,36.72206,-4.447096
395,Av. Carlos Haya - Parque del Norte,845,36.72148,-4.443961
396,Martínez Maldonado - Arroyo del Cuarto,846,36.721394,-4.4408727
397,Martínez Maldonado - Las Chapas,847,36.721397,-4.4385395
398,Martínez Maldonado - Eugenio Gross,848,36.721405,-4.4367137
405,Pso. Marítimo Pablo Ruiz Picasso - Bellavista,890,36.7225,-4.3962417
416,Ctra. de Almería - Miramar del Palo,1133,36.720116,-4.352961
417,Leopardi - Centro de Salud,1134,36.71818,-4.3529205
434,Av. de Velazquez - Aeropuerto,1045,36.67073,-4.4789734
435,Av. de Velázquez - Base Aerea,1039,36.66159,-4.484749
439,Julio Balbas,1044,36.662304,-4.498851
440,Maestro Vert - Centro de Salud,1040,36.664825,-4.4990206
441,Maestro Vert,1041,36.665802,-4.501823
442,Teresa Blasco - Mercado,1028,36.66791,-4.5035315
443,Cmno. del Retiro - La Tosca,1029,36.669193,-4.5059805
444,Cmno. del Retiro - Cementerio,1030,36.66918,-4.5090885
445,Eduardo Palanca - Los Jazmines,1031,36.66921,-4.512623
446,Caliza - Calle Jaspe,1032,36.669933,-4.512903
447,Caliza - Las Pedrizas,1033,36.67097,-4.5110955
448,La Carolina - La Noria,1034,36.672344,-4.508946
449,Plaza de Lola Flores,1035,36.67571,-4.5100784
450,Cmno. de la Huertecilla - La Noria,1064,36.67434,-4.5080113
451,Cmno. de la Huertecilla - Paredones,1065,36.671844,-4.5053473
452,Plaza de la Inmaculada,1066,36.66992,-4.503152
453,Monsálvez,1083,36.66727,-4.5002594
454,Enrique Van Dulken - Centro de Salud,1084,36.66501,-4.498811
455,Periodista J.A. Rando,1085,36.662132,-4.49947
459,Av. de Velázquez - Base Aérea,1081,36.66062,-4.4848337
460,Av. de Velázquez - Aeropuerto,1086,36.669147,-4.4795356
498,Ctra. de Coín - Heliomar,1025,36.66142,-4.502779
499,Calle Torremolinos - Heliomar,1026,36.662823,-4.5054708
500,Calle Torremolinos - Av. San Javier,1027,36.665844,-4.5038633
512,Teresa Blasco - Mercado,1067,36.667442,-4.5035996
513,Calle Torremolinos - Av. San Javier,1068,36.66538,-4.504221
514,Calle Torremolinos - Finca La Hacienda,1069,36.663902,-4.505015
515,Ctra. de Coín - Cmno. del Pilar,1070,36.661556,-4.5050044
537,Louis Pasteur,2056,36.71639,-4.4750605
538,Facultad de Ciencias,850,36.716194,-4.473592
539,Facultad de Filosofía y Letras,832,36.716652,-4.470169
540,Louis Pasteur - Manuel Domínguez,472,36.71777,-4.4645534
543,Plaza de Manuel Azaña,2055,36.714672,-4.449508
544,Av. de Andalucía - Centro de Salud,1460,36.71626,-4.441017
545,Av. de Andalucía - Puente de las Américas,1461,36.716652,-4.438692
546,Av. de Andalucía - Jardines Picasso,1462,36.716938,-4.432869
547,Av. de Andalucía - Rotonda,1463,36.716763,-4.4305334
571,Dr. Gutiérrez Mata - Playa Virginia,1119,36.718616,-4.3521776
592,Alameda Principal - Norte,1177,36.717644,-4.422872
593,Av. de Andalucía - Rotonda,2009,36.717056,-4.4307127
594,Av. de Andalucía - Jardines Picasso,1403,36.717247,-4.433363
595,Av. de Andalucía - Puente de las Américas,1404,36.71714,-4.438052
596,Av. de Andalucía - Centro de Salud,1405,36.716503,-4.441182
597,Plaza de Manuel Azaña,2003,36.71506,-4.4492455
600,Louis Pasteur - Manuel Domínguez,421,36.71791,-4.464869
601,Facultad de Derecho,833,36.717545,-4.4698987
603,Paseo de la Farola,1421,36.71476,-4.4142814
604,Paseo Mtmo. Ciudad de Melilla - Paseo de la Farola,1301,36.71534,-4.4131126
605,Pso. Mtmo. Cdad. de Melilla - Pza.  Malagueta,1802,36.71758,-4.4103518
611,Av. de la Aurora - Centro Comercial,1810,36.71628,-4.4314833
612,Av. de la Aurora - Jardines Picasso,1811,36.71633,-4.434013
613,Av. de la Aurora - Puente de las Américas,1416,36.715775,-4.438405
614,Av. de la Aurora - Horacio Lengo,1417,36.715054,-4.440805
615,Virgen de la Estrella - El Fuerte,1812,36.71556,-4.442904
616,Virgen de la Estrella - Centro de Salud,1406,36.71664,-4.4432173
617,Av. Herrera Oria - Virgen de las Flores,1852,36.718708,-4.4437428
618,Av. Herrera Oria - Polideportivo,3111,36.719093,-4.44831
619,Cómpeta,1410,36.719246,-4.450264
620,Cómpeta - Plaza de J. Bergamín,1412,36.7195,-4.453209
621,Av. Jorge Luis Borges - Orson Welles,1814,36.720154,-4.4626107
622,Av Jorge Luis Borges - Carril Las Morillas,1422,36.72033,-4.4665504
623,Av. Jorge Luis Borges - José Ribera,4407,36.720592,-4.471151
625,Av. Plutarco - Parménides,564,36.72136,-4.479225
626,Av. Plutarco - Eolo,4445,36.720898,-4.4754567
627,Av. Jorge Luis Borges - José Ribera,4455,36.720356,-4.471178
628,Av. Jorge Luis Borges - Giordano Bruno,1472,36.720043,-4.4666734
629,Av. Jorge Luis Borges - Gregorio Prieto,4452,36.719845,-4.463143
630,Plaza de Sandro Botticelli,1419,36.719482,-4.460218
631,Cómpeta - Plaza de J. Bergamín,1466,36.71926,-4.453588
632,Cómpeta - C. P. Antonio Machado,1454,36.71909,-4.4512672
633,Av. Herrera Oria - Polideportivo,1455,36.718773,-4.4472814
634,Virgen de la Esperanza - Mercado,1457,36.71719,-4.4460435
635,Virgen de la Esperanza - Av. Andalucía,1853,36.715218,-4.4454904
636,Virgen de la Fuensanta - Mercado,1809,36.71448,-4.4439425
637,Av. de la Aurora - Horacio Lengo,1468,36.7149,-4.440724
638,Av. de la Aurora - Puente de las Américas,1858,36.715652,-4.437974
639,Av. de la Aurora - Jardines de Picasso,1859,36.71612,-4.434444
640,Av. de la Aurora - Centro Comercial,1860,36.716,-4.430889
642,Alameda Principal - Sur,1471,36.717663,-4.422189
645,Paseo de la Farola - Comandancia de Marina,1359,36.717815,-4.4124494
646,Jane Bowles - Bruckner,1761,36.74802,-4.426446
647,Jane Bowles - Borodin,1762,36.74593,-4.4265394
648,Jane Bowles - Von Karajan,1763,36.74373,-4.426661
649,Plaza Herbert Von Karajan,1527,36.74254,-4.426661
650,Cmno. de la Virreina,1502,36.7401,-4.426207
651,Av. de la Palmilla - Centro de Salud,1503,36.738304,-4.426816
652,Av. de la Palmilla - Instituto Guadalmedina,1504,36.73675,-4.4273667
653,Av. de la Palmilla - Campo de Futbol,1505,36.73358,-4.427633
654,Av. Dr. Marañón - Conde de Ferrería,1506,36.73067,-4.4284406
657,Blas de Lezo,4202,36.728146,-4.434747
658,Eugenio Gross - Martínez de la Rosa,1528,36.72613,-4.4352937
659,Eugenio Gross,1508,36.724033,-4.435844
665,Av. Sta. Rosa de Lima,1512,36.721195,-4.4492893
666,Av. Sta. Rosa de Lima - Competa,1513,36.719604,-4.449444
667,Virgen de la Cabeza - J. Viciana,1514,36.71748,-4.4488616
668,Av. Juan XXIII - Barbarela,1515,36.71219,-4.4466577
669,Av. Juan XXIII - Cmno. de San Rafael,1516,36.710484,-4.445507
670,Av. Juan XXIII - Bodegueros,1517,36.708202,-4.4440274
671,Av. Europa,1518,36.703842,-4.441504
680,Cmno. de la Térmica - Las Pirámides,1551,36.688374,-4.4479
687,Orellana Toledano - San Patricio,1558,36.702274,-4.439133
688,Av. Juan XXIII - Princesa,1559,36.70464,-4.4412127
689,Av. Juan XXIII - La Unión,1560,36.708923,-4.4440894
690,Av. Juan XXIII - Barbarela,1561,36.71186,-4.446092
691,Virgen de la Cabeza,1409,36.717823,-4.448714
692,Av. Santa Rosa de Lima - Polideportivo,1563,36.720917,-4.449048
697,Eugenio Gross - Lanuza,1566,36.722622,-4.435696
698,Eugenio Gross - Trinidad,1567,36.726585,-4.4349847
702,Av. Dr. Marañón - Conde de Ferrería,1569,36.730762,-4.4283175
703,Av. de la Palmilla - Campo de Fútbol,1570,36.73358,-4.4274125
704,Av. de la Palmilla - Instituto Guadalmedina,1571,36.73632,-4.4271755
705,Av. de la Palmilla - Centro de Salud,1572,36.73827,-4.426601
706,Cmno. de la Virreina - Puente,1573,36.740685,-4.426197
707,Plaza de la Virreina,1702,36.74226,-4.4265103
708,Jane Bowles - Von Karajan,1712,36.743977,-4.426441
709,Jane Bowles - Borodin,1713,36.74595,-4.4262857
710,Atarazanas,1714,36.71792,-4.42451
713,Av. de la Rosaleda - La Goleta,921,36.725845,-4.425477
715,Av. Luis Buñuel - La Roca,1708,36.733326,-4.429372
716,Av. Simón Bolívar - Centro Comercial,1709,36.73451,-4.4333687
717,Av. Valle Inclán - La Palma,1710,36.737373,-4.427716
718,Bidasoa,1711,36.73783,-4.4274545
719,Cabriel,1753,36.73888,-4.4300456
720,Cabriel - Rotonda,1754,36.740128,-4.4298925
721,Dr. Muguerza Bernal - Manuel Callejón,1755,36.740223,-4.428823
722,Dr. Muguerza Bernal,1756,36.740005,-4.4264793
726,Jane Bowles - Bruckner,1764,36.74823,-4.4262514
731,Dr. Muguerza Bernal - Manuel Callejón,1704,36.740334,-4.428858
732,Eume - Mercado,1706,36.74166,-4.4313893
733,Ebro,1707,36.740456,-4.432188
734,Deva - La Palma,1751,36.738525,-4.4322624
735,Duero,1752,36.737812,-4.430765
736,Av. Valle Inclán - La Palma,1758,36.737614,-4.427974
737,Av. Simón Bolivar - Centro Comercial,1759,36.7344,-4.4335866
738,Av. Luis Buñuel - La Roca,1760,36.73295,-4.4288654
742,Av. Dr. Gálvez Ginachero,959,36.726746,-4.427439
747,Las Virreinas,1864,36.751858,-4.428184
750,Emilio Thuiller - Jardín de Málaga,2655,36.74888,-4.4218583
751,Emilio Thuiller- Mercado,228,36.746677,-4.4218535
752,Emilio Thuiller,2667,36.74473,-4.4220824
753,Emilio Thuiller - La Fuente,2668,36.74273,-4.4224067
754,María Tubau,2669,36.740334,-4.4227724
755,Lorenza Correa,2670,36.73866,-4.422906
759,Cmno. de Suárez - Blas de Lezo,605,36.72707,-4.435464
760,Cmno. de Suárez - Calle Alonso Hernández,606,36.72758,-4.4385257
761,Cmno. de Suárez - Calle Venegas,607,36.728046,-4.4403105
768,Facultad de Medicina,818,36.716953,-4.4742336
773,Mesonero Romanos,4402,36.720528,-4.4601393
777,Martínez de la Rosa,659,36.726967,-4.4403005
778,Martínez de la Rosa - Berrocal,660,36.726116,-4.4365354
780,Blas de Lezo,1863,36.728275,-4.4345675
789,Paseo del Parque,2169,36.719124,-4.4169
804,Palacio de Ferias,2204,36.707355,-4.4619055
805,P.I. Huerta Correo,1907,36.706646,-4.4660854
806,Polígono Alameda,1908,36.70681,-4.4703712
807,P.I.El Viso,1909,36.707745,-4.4758663
808,Sánchez Blanca,1910,36.70851,-4.4815354
809,San José del Viso,1911,36.708496,-4.489249
810,Intelhorce,1912,36.708218,-4.4921107
811,Azucarera - Intelhorce,1918,36.70433,-4.4929943
812,Tarajal,1913,36.706284,-4.5052075
813,P.I. La Huertecilla,1914,36.706505,-4.510738
814,Mercamálaga,1915,36.706287,-4.5143228
815,P.I. Trévenez,1916,36.706635,-4.519756
816,Cortijo Jurado,1917,36.714314,-4.529472
817,Pilar del Prado,2508,36.72072,-4.5349145
818,José Calderón - Centro de Salud,2509,36.722973,-4.5375466
819,José Calderón - Instituto,2510,36.724358,-4.539387
820,José Calderón,2511,36.725357,-4.5407987
821,José Calderón - Junta de Distrito,2512,36.728237,-4.5451555
822,José Calderón - Instalaciones Deportivas,2513,36.72925,-4.54711
823,Av. Juan López Peñalver,2519,36.73181,-4.5503306
824,Av. Juan López Peñalver - Marie Curie,2520,36.737213,-4.5533133
825,Severo Ochoa - Rotonda ,2522,36.738472,-4.5546765
826,Severo Ochoa,2523,36.738495,-4.55747
827,Severo Ochoa ,2524,36.73593,-4.5569415
828,Escuela Agrícola,2515,36.733154,-4.560468
829,Maqueda,2516,36.733112,-4.5661244
830,Miranda,2517,36.732864,-4.5684757
831,Santa Rosalía - Loma del Campo,1972,36.7341,-4.576132
832,Sta. Rosalía - Ronda Norte,2552,36.732952,-4.5721297
833,Sta. Rosalía - Miranda,2571,36.73252,-4.5688047
834,Sta. Rosalía - Maqueda,2553,36.732742,-4.567123
835,Escuela Agrícola,2554,36.73304,-4.560522
836,Severo Ochoa ,2572,36.7362,-4.556687
837,Severo Ochoa ,2573,36.738636,-4.5574703
838,Severo Ochoa - Rotonda,2574,36.738384,-4.5545893
839,Av. Juan López Peñalver - Marie Curie,2569,36.73645,-4.5530977
840,Av. Juan Lopez Peñalver,2575,36.731796,-4.5505533
841,José Calderón - Instalaciones Deportivas,2556,36.729065,-4.5469832
842,José Calderón - Junta de Distrito,2557,36.72766,-4.544454
843,José Calderón,2558,36.726402,-4.5424867
844,José Calderón - Instituto,2559,36.724308,-4.5395117
845,José Calderón - Centro de Salud,2560,36.72298,-4.5377207
846,Pilar del Prado,2561,36.720734,-4.53513
847,Cortijo Jurado,1960,36.71137,-4.5265894
848,P.I. Trévenez,1961,36.706573,-4.519827
849,Mercamálaga,1962,36.70614,-4.5143147
850,P.I. La Huertecilla,1963,36.70635,-4.5110235
851,El Tarajal,1964,36.70616,-4.505146
852,Azucarera - Intelhorce,1971,36.704334,-4.4929953
853,Intelhorce,1965,36.707897,-4.492249
854,San José del Viso,1966,36.708027,-4.4875317
855,Sánchez Blanca,1967,36.707863,-4.4799986
856,P.I. El Viso,1968,36.70735,-4.475584
857,Polígono Alameda,1969,36.70646,-4.47072
858,P.I. Pérez Texeira,1970,36.70632,-4.4661813
874,Alegría de la Huerta,2651,36.75131,-4.419941
875,Quintanar de la Orden,2652,36.751377,-4.421899
876,Pedro Romero,2654,36.750523,-4.4224987
884,Fray Domingo Pimentel,2671,36.732964,-4.4246154
888,Santo Domingo - Perchel,262,36.720303,-4.425751
891,Av. M. Agustín Heredia,2401,36.715412,-4.4220376
895,Av. Explanada de la Estación - Estación FFCC,403,36.71253,-4.430785
899,Cmno. de San Rafael,2402,36.711605,-4.441765
900,Cmno. de San Rafael - Sta. Julia,2403,36.71013,-4.4439282
901,Cmno. de San Rafael - La Asunción,2404,36.70917,-4.446095
902,Cmno. de San Rafael - Sta. Isabel,2405,36.707794,-4.4481483
903,Cmno. San Rafael - EMT,2414,36.704857,-4.453513
904,Cmno. San Rafael - El Copo,2415,36.70403,-4.455409
905,Cmno. San Rafael - Recinto Ferial,2413,36.701797,-4.461123
906,Paquiro - Polígono La Estrella,2408,36.700363,-4.464389
907,Paquiro - Calle La Orotava,2409,36.699234,-4.468217
908,Cmno. de los Prados - Polígono San Luis,2410,36.699078,-4.472049
909,Bda. los Prados - Colegio,2411,36.698994,-4.4748445
910,Bda. Los Prados - Calle Eslora,2451,36.699223,-4.4769464
911,Los Prados - Cofa,2418,36.69914,-4.477764
912,Cmno. de los Prados - Estación,2461,36.698856,-4.476588
913,Bda. de los Prados - Colegio,2452,36.698837,-4.4748206
914,Cmno. de los Prados - San Luis,2453,36.698914,-4.4721446
915,Paquiro - Polígono La Estrella,2454,36.699863,-4.4649796
916,Cmno. San Rafel - Recinto Ferial,2463,36.701267,-4.461011
917,Cmno. San Rafael - El Copo,2464,36.7036,-4.4558234
918,Cmno. San Rafael - EMT,2465,36.704876,-4.453011
919,Cmno. de San Rafael - Ceramistas,2457,36.707333,-4.448564
920,Cmno. de San Rafael - Colegio,2458,36.709248,-4.4456697
921,La Unión - La Concepción,2459,36.708878,-4.443508
922,La Unión - Los Planetas,2460,36.709953,-4.4413967
926,Av. Explanada de la Estación - Estación FFCC,501,36.712162,-4.431095
927,Ingeniero Garnica,2466,36.709976,-4.4284897
930,Nazareno del Paso,2061,36.717487,-4.427133
934,Rosario Pino - Cruz Roja,2603,36.730762,-4.4247694
935,Rosario Pino,2604,36.732643,-4.4239783
936,San Juan Bosco - Las Flores,2627,36.735447,-4.4227834
938,Lorenza Correa,2605,36.738888,-4.422761
939,María Tubau,2606,36.740612,-4.4226046
940,Emilio Thuillier - La Fuente,2607,36.743004,-4.422231
941,Emilio Thuillier,2608,36.744892,-4.421923
942,Jerez Perchet - Emilio Thuiller,2609,36.745888,-4.4213305
943,Jerez Perchet - Los Casinis,2610,36.7446,-4.4185815
944,Jerez Perchet - Cortijo Bazán,2612,36.745926,-4.417679
945,Málaga Oloroso,2613,36.745365,-4.415524
946,Lágrima,2614,36.74565,-4.4145913
947,Lágrima - Arroyo Quintana,2615,36.746284,-4.416338
948,Hacienda Los Montes,2626,36.748013,-4.4175797
949,Sancho de Miranda,2621,36.74826,-4.4191227
950,Pasaje A. Nicolás Maroto,2622,36.748886,-4.420137
951,Alcalde Nicolás Maroto,2657,36.749184,-4.418174
952,Jardín de Málaga,2617,36.749878,-4.416841
953,Marques de Mantua,2618,36.75028,-4.417927
954,Vial de Conexión,2619,36.751728,-4.4186606
955,Maríano Benlliure,2620,36.750458,-4.4196653
956,Paseo del Parque -  Ayuntamiento,1171,36.720146,-4.414094
957,Alameda Principal - Norte,2168,36.7173,-4.4241133
958,Hilera - Armengual de la Mota,2118,36.717957,-4.428088
972,Av. Lope de Vega - Hacienda Cabello,2116,36.727814,-4.4638143
973,Av. Lope de Vega - Depuradora,2102,36.729687,-4.466749
974,Av. Lope de Vega - El Atabal,2103,36.731136,-4.4689665
975,Av. Lope de Vega - Los Ramos,2104,36.73267,-4.4737105
976,Av. Lope de Vega - Rosa Garcia,2117,36.732983,-4.475309
977,Lope de Rueda - Tomillar,2105,36.734734,-4.4782476
978,Lope de Rueda - Patronato Vivienda,2106,36.736176,-4.479193
979,Lope de Rueda - Tomillares,2107,36.738014,-4.480443
980,Lope de Rueda - Correos,2108,36.739857,-4.4819255
981,Lope de Rueda - Los Morales,2109,36.740044,-4.484907
982,Lope de Rueda - Sta. Isabel,2110,36.74181,-4.488064
983,Lope de Rueda - Las Morillas,2111,36.743523,-4.4897065
984,Puerto de la Torre - Salinas,2112,36.74524,-4.491407
985,Puerto Sol,2113,36.74688,-4.492333
986,San Cayetano,2114,36.754673,-4.493976
987,El Cortijuelo,2115,36.75716,-4.495373
988,Junta de los Cmno.s,2151,36.75965,-4.4968634
989,El Cortijuelo,2152,36.756256,-4.495104
990,San Cayetano,2153,36.753845,-4.493522
991,Puerto Sol,2154,36.748886,-4.4932547
992,Puerto de la Torre - Salinas,2155,36.745083,-4.4915676
993,Lope de Rueda - Las Morillas,2156,36.74257,-4.4889884
994,Lope de Rueda - Sta. Isabel,2157,36.74112,-4.4876404
995,Lope de Rueda - Los Morales,2158,36.73993,-4.484508
996,Lope de Rueda - Correos,2159,36.738968,-4.481318
997,Lope de Rueda - Tomillares,2160,36.737392,-4.4801545
998,Lope de Rueda - Patronato Vivienda,2161,36.736042,-4.4792423
999,Lope de Rueda - El Tomillar,2162,36.73473,-4.4783854
1000,Av. Lope de Vega - Rosa Garcia,2167,36.73282,-4.4753423
1001,Av. Lope de Vega - Los Ramos,2163,36.732494,-4.473585
1002,Av. Lope de Vega - El Atabal,2164,36.730915,-4.4689345
1003,Av Lope de Vega - Universidad Laboral,2165,36.72945,-4.466772
1004,Av. Lope de Vega - Hacienda Cabello,2166,36.727676,-4.4640174
1018,Alameda Principal - Sur,2119,36.717155,-4.4240503
1019,Paseo del Parque,367,36.719364,-4.416063
1020,Av. de Velázquez - Av. Moliére,2201,36.691254,-4.456351
1025,Isla Cristina,2202,36.701283,-4.441879
1026,Isla Cristina - 25 años de Paz,2203,36.70251,-4.440466
1040,Louis Pasteur,2206,36.716217,-4.4749036
1042,Facultad de Filosofía y Letras,2253,36.71661,-4.47047
1077,Av. Octavio Paz - Plaza Manos Unidas,2324,36.728073,-4.462911
1078,Av. Octavio Paz,2322,36.730362,-4.462119
1079,Av. Julio Cortazar,2323,36.732224,-4.463478
1080,Tamayo y Baus - El Atabal,2302,36.72936,-4.4672847
1081,Tamayo y Baus,2303,36.72783,-4.467129
1085,Navarro Ledesma - Torre Atalaya,2313,36.72442,-4.476788
1086,Navarro Ledesma - Altamira,2305,36.72448,-4.480513
1087,Navarro Ledesma - El Cónsul,2306,36.723907,-4.4832664
1088,Navarro Ledesma - El Cónsul,2307,36.722836,-4.486149
1089,Navarro Ledesma - María Barrientos,2317,36.7219,-4.4888
1090,Senador Fernández Pelegrina,2318,36.72221,-4.49231
1091,Escritor Antonio Soler - Cristóbal Cuevas,2319,36.72333,-4.4934034
1092,Escritor Antonio Soler - Navarro Ledesma,2320,36.72144,-4.4953017
1093,Cmno. Colonia Sta. Inés - Viviendas Prefabricadas,2310,36.719704,-4.503189
1094,Cmno. Colonia Sta. Inés - Los Asperones,2311,36.7193,-4.5074964
1095,Parque Cementerio - Cmno. Santa Inés,2321,36.719933,-4.5147824
1096,Parque Cementerio,2351,36.721214,-4.516397
1097,Cmno. Colonia Sta. Inés - Los Asperones,2353,36.71908,-4.5076094
1098,Cmno. Colonia Sta. Inés - Viviendas Prefabricadas,2354,36.719654,-4.5030055
1099,Escritor Antonio Soler - Navarro Ledesma,2366,36.72124,-4.494972
1100,Catedrático Cristóbal Cuevas,2367,36.723255,-4.4924326
1101,Felix Gancedo,2368,36.721745,-4.4920726
1102,Navarro Ledesma - María Barrientos,2365,36.72174,-4.4887147
1103,Navarro Ledesma - El Cónsul,2357,36.722713,-4.4860535
1108,Frances Bosca,2363,36.726486,-4.4688854
1109,Tamayo y Baus,2361,36.72781,-4.466914
1110,Av. Lope de Vega - Julio Cortázar,2315,36.73037,-4.4677916
1111,Bruno Walter,2369,36.732536,-4.463853
1112,Av. Octavio Paz,2370,36.729984,-4.4624724
1113,Av. Octavio Paz - Plaza Manos Unidas,2371,36.7281,-4.463153
1127,Alameda Principal - Sur,889,36.71698,-4.424692
1129,Paseo del Parque - Plaza del General Torrijos,1601,36.720497,-4.4131446
1133,Av. de Andalucía - Rotonda,1402,36.717037,-4.4304585
1138,Andrés Llordén,2502,36.713757,-4.473734
1139,Duque de Ahumada,2503,36.714207,-4.482029
1140,Centro de Transporte de Mercancías,2504,36.712543,-4.512921
1141,Parque Cementerio,2505,36.719715,-4.5155616
1142,Los Asperones 2,2506,36.71895,-4.524786
1143,Vallejo,2507,36.719086,-4.531196
1158,Santa Rosalía - Loma del Campo,2551,36.733944,-4.5758533
1174,Vallejo.,2562,36.718918,-4.5311728
1175,Los Asperones 2,2563,36.71885,-4.524776
1176,Parque Cementerio,2564,36.719624,-4.5155683
1177,Centro de Transporte de Mercancías,2565,36.712543,-4.5128655
1178,Duque de Ahumada,2566,36.71388,-4.482022
1179,Andrés Llordén,2567,36.713375,-4.4738755
1199,Av. Virgen de Belén,2702,36.69393,-4.454822
1200,Av Isaac Peral - Leo Delibes,2711,36.69339,-4.4587827
1201,Horacio Quiroga - Parque Mª Luisa,2712,36.69575,-4.458884
1203,Herman Hesse,2704,36.69083,-4.466778
1204,Gerald Brenan - Hermanas Bronte,2705,36.68876,-4.4722414
1205,Gerald Brenan,2706,36.69133,-4.477985
1206,Cesar Vallejo - Pista de Tráfico,2707,36.69364,-4.482404
1207,Carlo Goldoni,2708,36.69741,-4.4882
1208,Sta. Teresa,2750,36.697437,-4.4950833
1209,Cesar Vallejo,2752,36.695698,-4.490433
1210,Cesar Vallejo - Pista de Tráfico,2753,36.693993,-4.4831743
1211,Salazar Chapela,2754,36.692947,-4.4772387
1212,Hermanas Bronte - Esteban Salazar Chapela,2761,36.69115,-4.470825
1213,Herman Hesse,2762,36.692867,-4.4653606
1215,Horacio Quiroga - Parque Mª Luisa,2758,36.69594,-4.45893
1216,Av. Isaac Peral,2759,36.69384,-4.457985
1217,Av. Virgen de Belén,2760,36.69395,-4.455308
1229,Rotonda de Santa Águeda,2801,36.704002,-4.5444903
1230,Portales de la Victoria,2802,36.706234,-4.5445437
1231,Castañetas,2803,36.70813,-4.548813
1232,Castañetas - Campo de Fútbol,2804,36.71072,-4.548739
1233,Las Manceras - Calle Niel,2805,36.71881,-4.548333
1234,Las Manceras,2806,36.721256,-4.5481553
1235,Bratislava,2828,36.72265,-4.5434914
1236,Praga,2829,36.723553,-4.545553
1237,Pasaje Viola,2816,36.723423,-4.548892
1238,Jacob - El Roquero,2807,36.725914,-4.549111
1239,Jacob,2827,36.72814,-4.5488987
1246,Pilar del Prado - Oliveros,2817,36.721043,-4.534117
1247,Huertecilla de Mañas,2809,36.72595,-4.5337424
1248,Huertecilla de Mañas - Calle Bauxita,2810,36.727654,-4.534277
1249,Colmenarejo,2811,36.732967,-4.5320344
1250,Colmenarejo - Calle Ágata,2818,36.734436,-4.5317626
1251,Cmno. del Rayo - La Caraña,2819,36.738228,-4.53354
1252,El Rayo,2820,36.73763,-4.5382805
1253,Fresneda - Somera,2812,36.74104,-4.5389824
1254,Somera,2821,36.744503,-4.5377946
1255,Fresneda - Los Florido,2822,36.752007,-4.5332246
1256,Fresneda - Betania,2813,36.754333,-4.5318313
1257,La Ventolera,2823,36.75572,-4.5308247
1258,La Perla,2824,36.760548,-4.526091
1259,Fresneda - La Perla,2825,36.76322,-4.5239105
1260,Casillas del Carpintero,2814,36.765675,-4.520745
1261,Carril de Olmedo - Los Curritos,2826,36.766537,-4.5187144
1262,Ventorrillo de las Cruces,2815,36.77213,-4.5129404
1263,Bda. Los Núñez,2851,36.78003,-4.5157633
1264,Ventorrillo de las Cruces,2852,36.77193,-4.5135593
1265,Carril de Olmedo - Los Curritos,2866,36.766453,-4.5189996
1266,Casillas del Carpintero,2853,36.76572,-4.5209064
1267,Fresneda - La Perla,2867,36.76326,-4.524003
1268,La Perla,2868,36.760643,-4.5261173
1269,La Ventolera,2869,36.75573,-4.5309687
1270,Fresneda - Betania,2854,36.75463,-4.5317416
1271,Fresneda - Los Florido,2870,36.75236,-4.5331078
1272,Somera,2871,36.744476,-4.53791
1273,Fresneda - Somera,2855,36.741043,-4.5390882
1274,El Rayo,2872,36.73748,-4.5379677
1275,Cmno. del Rayo - La Caraña,2873,36.73826,-4.5333185
1276,Colmenarejo - Calle Ágata,2874,36.7345,-4.5318694
1277,Colmenarejo,2856,36.732548,-4.5342474
1278,Huertecilla de Mañas - Calle Bauxita,2857,36.7277,-4.534495
1279,Huertecilla de Mañas,2858,36.725876,-4.533873
1280,Pilar del Prado - Oliveros,2859,36.72089,-4.533862
1287,Jacob,2860,36.728176,-4.549031
1288,Jacob - El Roquero,2877,36.726,-4.5491824
1289,Pasaje Viola,2876,36.722996,-4.5490522
1290,Praga,2879,36.72349,-4.545947
1291,Bratislava,2878,36.72269,-4.5436053
1292,Las Manceras,2861,36.721226,-4.5482855
1293,Las Manceras - Calle Niel,2862,36.718685,-4.548441
1294,Castañetas - Campo de Fútbol,2863,36.710793,-4.5488935
1295,Castañetas,2864,36.708202,-4.548884
1296,Portales de la Victoria,2865,36.706154,-4.544558
1297,Jarazmín,2901,36.727398,-4.335785
1298,Cmno. de Jarazmín,2902,36.72465,-4.3365984
1299,Cmno. de Jarazmín,2903,36.723995,-4.3366866
1300,Cmno. Viejo de Vélez,2904,36.72158,-4.3401165
1301,Cmno. Viejo de Vélez,2905,36.722027,-4.342048
1302,Cmno. Viejo de Vélez - Instituto,2906,36.72249,-4.345118
1303,Cmno. Viejo de Vélez - Ctra. Olias,2921,36.722126,-4.3473334
1304,Ctra. de Olías - Fuente,2907,36.723843,-4.3456826
1305,Ctra. de Olías - Podadera,2909,36.72726,-4.3430862
1306,Ctra. de Olías - Ventas,2910,36.730217,-4.3398814
1307,Ctra. de Olías - El Palo,2937,36.721973,-4.348291
1308,Algarrobo,2926,36.72149,-4.3508883
1309,Algarrobo - Potosí,2927,36.722595,-4.3506694
1310,Carmen Amaya,2928,36.72525,-4.3515096
1311,Idumea,2929,36.72211,-4.3529344
1314,Villafuerte - J. S. Elcano,2930,36.721684,-4.359967
1315,Villafuerte,2913,36.724323,-4.359008
1316,Reina Fabiola - Colegio,2914,36.727737,-4.3563704
1317,Reina Fabiola - Subestación,2915,36.727562,-4.3576236
1318,José María Alonso - Pablo Sarasate,2969,36.73011,-4.3581233
1319,José María Alonso - Residencia,2970,36.731308,-4.359443
1320,José María Alonso - Francisco Rabal,2971,36.732246,-4.3569646
1321,Leoni Banabú,2972,36.733437,-4.3560863
1322,Leoni Banabú - Camilo José Cela,2973,36.73414,-4.357436
1323,Magnolios - Adolfo Marsillach,2974,36.733337,-4.3600364
1324,Magnolios - Tulipanes,2975,36.733864,-4.3613443
1325,Av. San Antón - Cedros,2976,36.73505,-4.3614225
1326,Av. San Antón - Almendros,2977,36.73142,-4.361623
1327,Av. San Isidro,2917,36.727093,-4.3646016
1328,Manuel de Palacio - Arroyo Jaboneros,2925,36.725502,-4.366607
1329,Manuel de Palacio - Octavio Picón,3415,36.725494,-4.3681912
1330,Amador de los Ríos - San Federico,3408,36.726772,-4.3694887
1331,Amador de los Ríos - Eucaliptus,3409,36.72746,-4.3705482
1332,Fernández Shaw - Castañer Gallardo,2939,36.72815,-4.3720093
1333,Laurel,2931,36.728153,-4.3743477
1334,José Fernández Pertierra,2932,36.731125,-4.375384
1335,La Mosca - Centro de Conservación,2938,36.73351,-4.376136
1336,Pintor Sánchez Cotán,2933,36.73253,-4.376488
1337,Juan García León,2934,36.729805,-4.376958
1338,Laurel,2935,36.728073,-4.374449
1339,Arquitecto Alonso Carrbonell,2978,36.726887,-4.374203
1340,Arquitecto Francisco de Mora,2936,36.725864,-4.3748536
1341,Fernández Shaw - Juan Sebastián Elcano,2923,36.72258,-4.3738427
1342,Cesar Riario,2924,36.72194,-4.3769803
1343,Bolivia - Pedregalejo,1113,36.721497,-4.3752418
1344,Bolivia Las Acacias,1114,36.720768,-4.3708606
1345,Salvador Allende - Arroyo Jaboneros,1115,36.719807,-4.3653665
1346,Salvador Allende - Estación,1116,36.719543,-4.3618364
1347,Av. Salvador Allende - Santarén,1117,36.71904,-4.357558
1348,Av. Salvador Allende - Cementerio,1118,36.718506,-4.355106
1352,Ctra. de Olías - Candado,2960,36.721855,-4.348088
1353,Cmno. Viejo de Vélez - Instituto,2964,36.72249,-4.344899
1354,Cmno. Viejo de Vélez,2968,36.72192,-4.3418694
1355,Cmno. Viejo de Vélez,2965,36.721485,-4.340151
1356,Cmno. de Jarazmín,2966,36.723846,-4.336563
1357,Cmno. de Jarazmín,2967,36.724983,-4.336559
1367,Av. de las Postas - Ntra. Sra. de las Guías,114,36.737717,-4.421033
1368,Av. de las Postas - Sinaí,3007,36.738102,-4.419909
1369,Av. de las Postas - Colegio Salvador Rueda,3008,36.738533,-4.41927
1370,Av. de la Cibeles - Moisés,3009,36.738888,-4.4196954
1371,Av. de la Cibeles - Monte Tabor,3010,36.73915,-4.420876
1372,Av. Ntra. Sra. de las Guías - Donato Jiménez,3011,36.739326,-4.4214144
1373,Manuel Laguna,3003,36.739735,-4.418733
1374,Manuel Laguna - Solitario,3004,36.7405,-4.417639
1375,Morritos Altos,3051,36.74223,-4.4163723
1376,Francisco Lopez - Arroyo Aceiteros,3006,36.744095,-4.4146667
1377,Francisco López López,3052,36.74308,-4.4170203
1378,Las Yucas,3053,36.74215,-4.4187436
1379,Los Ficus,3054,36.743526,-4.4194875
1380,Aguacates,3055,36.7426,-4.4211082
1392,Hilera - Armengual de la Mota,3123,36.71798,-4.4285417
1393,Hilera - Telefónica,3103,36.71941,-4.432179
1394,Hilera - Santa Elena,3104,36.71927,-4.4351306
1395,Av. Herrera Oria - Puente,3105,36.718346,-4.439154
1400,Almogía,1413,36.718075,-4.4544735
1401,Almogía - Nicolás Isidro,3121,36.715065,-4.4538474
1402,Corregidor Francisco de Molina - Corazones,466,36.713055,-4.4504046
1412,Av. Moliere - Av. Velázquez,3118,36.690025,-4.4563622
1413,Av. Moliere - Cmno. del Pato,3120,36.68735,-4.4534526
1414,Villanueva de Algaidas - Instituto,3115,36.68645,-4.455468
1415,Montejaque,3116,36.6862,-4.458048
1416,Palacio de los Deportes,3117,36.68493,-4.4580483
1417,Villanueva del Rosario - Mainake,3151,36.686646,-4.457379
1418,Villanueva de Algaidas - Instituto,3152,36.68631,-4.4554663
1419,Av. Moliere - Cmno. del Pato,3164,36.687473,-4.4531946
1420,Av. Moliere - Av. Velázquez,3165,36.689785,-4.4556837
1431,Corregidor Antonio de Bobadilla - Instituto,411,36.71245,-4.449292
1432,Corregidor Francisco de Molina - Corazones,412,36.713047,-4.4512734
1433,Almogía - Nicolas Isidro,3169,36.715256,-4.453604
1434,Almogía - C. P.  R. León,1465,36.71798,-4.454212
1438,Av. Herrera Oria,3159,36.718338,-4.4413743
1439,Av. Herrera Oria - Puente,3160,36.718113,-4.4388356
1440,Av. de la Aurora - Ministerios,3161,36.715992,-4.4371786
1445,Av. Andalucía,3208,36.716606,-4.4282284
1447,Paseo del Parque - Plaza de la Marina,3324,36.718575,-4.418903
1454,Paseo Miramar,3207,36.723763,-4.396793
1455,Paseo Miramar - San Vicente Paúl,3202,36.725548,-4.3969603
1456,Paseo Miramar - Santa Paula,3203,36.72646,-4.3967752
1457,Paseo de Miramar - Goethe,3204,36.727993,-4.396474
1458,Av. Mayorazgo - Hacienda Miramar,3205,36.72997,-4.3961234
1459,Av. Mayorazgo,3206,36.73148,-4.397035
1460,El Mayorazgo - Av. de las Caballerizas,3251,36.73208,-4.3979445
1461,Av. de las Caballerizas,3252,36.729603,-4.3974147
1462,La Espuela,3253,36.729916,-4.399386
1463,La Espuela - Instituto,3254,36.732796,-4.4004254
1464,Era,3255,36.73356,-4.4018416
1465,Sierra de Grazalema - Pinos del Limonar,3256,36.73215,-4.4032917
1466,Sierra de Grazalema- Sierra del Co,3257,36.72923,-4.402785
1467,Sierra de Grazalema,3258,36.72681,-4.402488
1468,Carril de Castell,3259,36.725563,-4.400032
1469,Paseo del Limonar - Colegio,3261,36.724884,-4.3987317
1470,Paseo del Limonar,3262,36.722996,-4.398773
1476,Paseo del Parque - Plaza de la Marina,1173,36.718678,-4.4193316
1477,Alameda Principal - Norte,3264,36.71707,-4.42496
1478,Av. Andalucía,3328,36.716618,-4.428558
1490,Av. Juan Sebastián Elcano - Cerrado Calderón,3327,36.72202,-4.382579
1491,Paseo Cerrado Calderón - C. Comercial,3302,36.72601,-4.3814735
1492,Flamencos,3303,36.726543,-4.383464
1493,Flamencos - Colegio,3304,36.727028,-4.3841863
1494,Flamencos - Liceo Francés,3305,36.729267,-4.3834677
1495,Flamencos - Conejera,3306,36.730583,-4.385723
1496,Flamencos - Arce,3315,36.73246,-4.385215
1497,Matagallo - Meridiana,3316,36.734642,-4.3843307
1498,Matagallo,3313,36.736515,-4.385033
1499,Matagallo - Macizo Central,3318,36.73878,-4.383274
1500,La Cerrajera,3319,36.7397,-4.3816757
1501,La Cerrajera - Rotonda,3320,36.738075,-4.379393
1502,Olmos - Campanario,3321,36.734478,-4.3819084
1503,Olmos,3314,36.73308,-4.3821616
1504,Olmos - Interpares,3323,36.731606,-4.381576
1505,Olmos - Pimienta,3325,36.729553,-4.381507
1506,Olmos - Cueva Pileta,3326,36.727455,-4.3822536
1507,La Unidad - Cerrado Calderón,3351,36.72607,-4.380821
1508,Juan Valera - Pepita Jiménez,3352,36.724976,-4.3794255
1509,Juan Valera,3353,36.723995,-4.3779244
1510,Juan Valera,3354,36.724007,-4.3764215
1511,Juan Valera - Costa Rica,3355,36.72357,-4.3781295
1512,Juan Valera,3356,36.723186,-4.377266
1540,Bolivia - Callejón de la marina,1112,36.72144,-4.37866
1542,Ángel Guimerá,3402,36.721317,-4.371679
1543,Ricardo León,3403,36.72306,-4.37171
1544,Gabriel y Galán - Ricardo León,3404,36.72446,-4.3714943
1545,Gabriel y Galán - Amador de los Ríos,3405,36.724438,-4.3695326
1546,Gabriel y Galán - Octavio Picón,3406,36.724453,-4.3680363
1547,Molinillo Hundido,3414,36.72446,-4.366429
1548,Cmno. de San Antón,2953,36.72553,-4.365169
1549,Reina Fabiola,2916,36.72718,-4.3625073
1555,Eucaliptus - Bda. La Mosca,3410,36.72982,-4.3709054
1556,Eucaliptus - Viaducto,3411,36.731236,-4.370976
1557,Escritor Manuel Solano - Méndez Sotomayor,3412,36.73369,-4.3720427
1558,Escritor Manuel Solano - Escritor Fco. José Fernández,3413,36.735943,-4.3736877
1559,Escritor Manuel Solano - El Chorrillo,3451,36.737553,-4.3743577
1560,Escritor Manuel Solano - Escritor Fco. José Fernández,3452,36.736015,-4.373744
1561,Escritor Manuel Solano - Méndez Sotomayor,3453,36.733837,-4.3722563
1562,Eucaliptus - Viaducto,3454,36.731155,-4.371057
1563,Eucaliptus - Bda. La Mosca,3455,36.72982,-4.370983
1564,Amador de los Ríos - Eucaliptus,3457,36.72741,-4.3706703
1565,Amador de los Ríos - Manuel del Palacio,3458,36.725094,-4.3693695
1590,Paseo de Salvador Rueda - Limonar,3502,36.72384,-4.399436
1591,Paseo de Salvador Rueda - Pinillo,3503,36.725105,-4.401673
1592,Paseo de Salvador Rueda - Enlace,3504,36.725594,-4.403896
1593,Paseo de Salvador Rueda - Ventaja Alta,3505,36.727005,-4.4056263
1594,Paseo de Calvo Sotelo - Ventajilla,3506,36.7259,-4.4060626
1595,Cmno. de Gibralfaro,3507,36.724907,-4.405123
1596,Cmno. de Gibralfaro - Parador Nacional,3508,36.723297,-4.408823
1597,Cmno. de Gibralfaro - Castillo,3551,36.72332,-4.4101644
1598,Cmno. de Gibralfaro - Parador Nacional,3552,36.723442,-4.4086847
1599,Cmno. de Gibralfaro,3553,36.724422,-4.405815
1600,Paseo de Calvo Sotelo - Ventajilla,3554,36.72584,-4.40596
1601,Paseo de Salvador Rueda - Ventaja Alta,3555,36.726254,-4.4052043
1602,Paseo de Salvador Rueda - Enlace,3556,36.725517,-4.403902
1603,Paseo de Salvador Rueda - Pinillo,3557,36.725044,-4.4015093
1604,Paseo de Salvador Rueda - Limonar,3558,36.724037,-4.399669
1612,Av. Andalucía,3722,36.716637,-4.428811
1613,Alameda de Colón,3601,36.713367,-4.4242325
1615,Plaza de Arriola,502,36.718582,-4.424636
1619,Cruz del Molinillo,1352,36.726852,-4.4240108
1620,Capuchinos,1304,36.72761,-4.4220147
1626,Ferrándiz,509,36.727024,-4.4131603
1627,Barcenillas,3615,36.72695,-4.412393
1628,Pinos,3616,36.726097,-4.4127307
1629,Pinosol,3617,36.726013,-4.411083
1630,Pinosol,3618,36.726788,-4.410707
1631,Barcenillas,3619,36.726974,-4.4122853
1632,Plaza Francisco Silvela,3608,36.728558,-4.411619
1633,Conde Ureña,3609,36.729713,-4.410283
1634,Conde Ureña,3610,36.728436,-4.4106197
1635,Conde Ureña,3651,36.729324,-4.4094467
1636,Conde Ureña,3652,36.728413,-4.4102354
1637,Conde Ureña,3653,36.7298,-4.4105105
1638,Plaza Francisco Silvela,3654,36.7283,-4.411964
1639,San Patricio,3655,36.728687,-4.4139705
1655,Plaza Maestro Artola,3715,36.729424,-4.418165
1658,Plaza de  Olletas,3714,36.733868,-4.4157333
1659,Olletas - Cmno. del Colmenar,3721,36.73495,-4.4154935
1660,Cmno. de los Almendrales - Toquero,3703,36.734627,-4.412385
1661,Cmno. de los Almendrales - Seminario,3704,36.734562,-4.408491
1662,Cmno. de los Almendrales - Sierra Blanquilla,3705,36.735054,-4.4063325
1663,Cmno. de los Almendrales - Seminario,3716,36.734966,-4.4091706
1664,Cmno. de los Almendrales - Toquero,3707,36.73479,-4.412463
1665,Olletas - Cmno. del Colmenar,3709,36.73512,-4.414911
1666,Av. Manuel Gorria,3764,36.736595,-4.4170537
1667,Escritor Antonio Ramos - Av. Pascueros,3765,36.73752,-4.4178696
1668,Escritor Antonio Ramos - Colegio,3766,36.73679,-4.41569
1669,Cmno. Colmenar - Los Antonios,3712,36.736423,-4.413061
1670,Cmno. Colmenar - Cuesta Tasara,3713,36.73859,-4.412463
1671,Cmno. de Colmenar - Monte Dorado,3717,36.741837,-4.411948
1672,Cmno. de Colmenar - Peinaillo,3718,36.745163,-4.410835
1673,Cmno. de Colmenar - Peinado Grande,3719,36.746445,-4.407895
1674,Cmno. de Colmenar - Res. Sta. Clara,3720,36.74855,-4.4078155
1675,Cmno. de Colmenar - Peinado Grande,3760,36.746593,-4.408072
1676,Cmno. de Colmenar - Peinaillo,3761,36.745544,-4.4108496
1677,Cmno. de Colmenar - Monte Dorado,3751,36.7417,-4.412207
1678,Cmno. Colmenar - Cuesta Tasara,3752,36.738243,-4.4126716
1679,Cmno. Colmenar - Los Antonios,3753,36.73666,-4.4128137
1680,Escritor Antonio Ramos - Colegio,3755,36.73691,-4.415287
1681,Escritor Antonio Ramos,3756,36.737637,-4.4175305
1682,Av. Manuel Gorría - Rotonda,3757,36.73677,-4.4180355
1683,Av. Manuel Gorría,3758,36.73627,-4.416637
1684,Cmno. de Colmenar - Olletas,3759,36.734695,-4.41601
1686,Plaza  Maestro Artola,3762,36.729424,-4.418155
1687,Tejeros,3763,36.728973,-4.4147162
1705,Carril del Ciprés - Carlos Haya,861,36.722794,-4.4482274
1706,Carril del Ciprés - Los Cipreses,862,36.724194,-4.4482007
1707,Carril del Cipres - Bda. San Martín,863,36.726036,-4.448896
1708,Padre Martín,864,36.72776,-4.449551
1709,Granja Suarez - Padre Martin,886,36.729145,-4.45061
1710,Cmno. de San Alberto - Carlinda,711,36.731056,-4.4496303
1711,Diego de Baena,713,36.732605,-4.4521933
1712,Platero - San Alberto,714,36.733807,-4.4528723
1713,Tambre,715,36.732895,-4.4514904
1714,Cmno. de San Alberto,751,36.731853,-4.450659
1715,Granja Suarez - Padre Martin,887,36.729576,-4.4505444
1716,Padre Martín,882,36.727737,-4.44966
1717,Núñez Vela - Bda. San Martín,883,36.726315,-4.4498754
1718,Núñez Vela - Oscar Wilde,884,36.72562,-4.451383
1719,Núñez Vela - Av. Carlos Haya,885,36.723267,-4.4514685
1733,Paseo de los Curas,3901,36.718887,-4.415654
1736,Pso. Antonio Machado - Ingeniero Garnica,3902,36.70883,-4.428587
1737,Pso. Antonio Machado - Tomas Echeverria,3903,36.702522,-4.4337406
1738,Pacífico - Princesa,3904,36.699783,-4.4366503
1739,Pacífico - Carril de la Chupa,3905,36.69364,-4.4410243
1740,Pacífico - Diputación,3906,36.689972,-4.443157
1741,Pacífico - Molière,3907,36.683834,-4.446811
1742,Pacífico - Sacaba Beach,3951,36.680786,-4.448069
1743,Pacífico - Molière,3952,36.684563,-4.445822
1744,Pacífico - Diputación,3953,36.68869,-4.4434037
1745,Pacífico - Carril de la Chupa,3954,36.693604,-4.4405656
1746,Pacífico - Princesa,3955,36.699646,-4.436222
1747,Pso. Antonio Machado - Tomas Echeverría,3956,36.702442,-4.4333706
1748,Pso. Antonio Machado -  Ingeniero Garnica,3957,36.70866,-4.428282
1750,Plaza de la Marina,3959,36.717033,-4.4201508
1751,Paseo de los Curas,3958,36.718803,-4.415168
1765,Av. Pintor Manuel Barbadillo,6204,36.727043,-4.471866
1766,Av. Diego Fernández de Mendoza,4451,36.7217,-4.4696064
1768,Louis Pasteur - Jimenez Fraud,820,36.716766,-4.475486
1772,Av. Pintor Manuel Barbadillo,6254,36.72704,-4.471618
1785,Av. Explanada de la Estación - Estación FFCC,10012,36.71227,-4.431181
1790,Cmno. Casamerbeja,10015,36.756863,-4.425399
1791,Jardín Botánico La Concepción,6151,36.75996,-4.4260736
1792,Cmno. Casamerbeja,10016,36.75676,-4.4255276
1799,Puerto,10003,36.716484,-4.4204826
1800,Paseo del Parque,10004,36.71947,-4.4156833
1802,Playa Malagueta,10005,36.717552,-4.4104023
1803,Plaza de Toros,10006,36.720894,-4.4104576
1805,Santuario de la Victoria,10008,36.728985,-4.4136906
1807,Paseo del Parque - Plaza de la Marina,10011,36.71866,-4.4194098
1811,Paseo del Parque - Plaza del General Torrijos,1901,36.720123,-4.413127
1815,Alameda Principal - Norte,7501,36.71791,-4.4218793
1817,Estación de Autobuses,1905,36.712475,-4.4337554
1824,Aeropuerto - Llegadas,7502,36.677155,-4.490666
1825,Aeropuerto - Servicios Administrativos,1957,36.673,-4.4873676
1826,Av. Comandante García Morato - Aeroclub,1953,36.671673,-4.4846964
1833,Estación Autobuses,1959,36.71246,-4.4338183
1838,Paseo del Parque ,1172,36.719418,-4.416673
1845,Av. de las Américas - Centro Comercial,1813,36.715237,-4.435171
1846,Ingeniero de la Torre Acosta,922,36.720097,-4.4384904
1847,Doctor Escassi - Las Chapas,925,36.722084,-4.439845
1848,Dr. Escassi - J.M. Freuillier,926,36.723835,-4.439446
1849,Carril Gamarra - La Rosa,906,36.723087,-4.4419394
1850,Magistrado Salvador Barberá,907,36.724052,-4.4435983
1851,Magistrado Salvador Barberá - Centro de Salud,923,36.725864,-4.4442897
1855,Martínez de la Rosa - Séneca,661,36.725826,-4.434847
1856,Calzada de la Trinidad,957,36.72491,-4.431816
1877,Peinado,1305,36.73135,-4.4226766
1881,Velarde,963,36.72629,-4.43109
1885,Albacete - Rotonda de Suarez,964,36.72882,-4.4438615
1886,Jose Iturbi - Ciudad Nueva Málaga,951,36.726013,-4.4438677
1887,Sondalezas - Maestro Pablo Luna,952,36.725254,-4.4424047
1888,Sondalezas,953,36.72424,-4.441764
1889,Dr. Escassi - Dr. Lazárraga,965,36.723484,-4.4396596
1890,Dr. Escassi - Las Chapas,966,36.722164,-4.4399614
1891,Ingeniero de la Torre Acosta,967,36.71982,-4.438706
1892,Av. de las Américas - Puente de las Américas,1805,36.715527,-4.4365506
1893,Av. de las Américas - Centro Comercial,1862,36.714695,-4.4342904
1904,San Vicente Paul,7301,36.724876,-4.396116
1905,Miguel Indurain - Marcos Obregón,7302,36.72469,-4.393041
1906,Miguel Indurain - Sibelius,7303,36.72613,-4.391499
1907,Federico Fellini,7310,36.727303,-4.3887954
1908,José María Amado - Federico Fellini,7311,36.727417,-4.386484
1909,José María Amado - Lingüista Manuel Seco,7312,36.7301,-4.389455
1910,Manuel Seco - Antonio Mata,7305,36.73122,-4.39144
1911,Manuel Seco - Dr. Juan Maldonado,7313,36.731537,-4.39277
1912,Mayoral,7306,36.732594,-4.394263
1915,Limonar - Goethe,7307,36.727936,-4.3983965
1916,Limonar - Ramos Carrion,7308,36.726677,-4.3985558
1919,Cmno. Suárez - Rotonda,628,36.728966,-4.4428377
1920,Alcalde José Luis Estrada,629,36.730206,-4.445362
1921,Miguel Hernández - Alcalde Jose Luis Estrada,609,36.73125,-4.44587
1922,José Carrión de Mula,630,36.73265,-4.445406
1923,Juan Rejano,631,36.732857,-4.4460154
1924,Cmno. de la Corta - VPO,611,36.73444,-4.4468775
1925,Cmno. de la Corta - La Milagrosa,612,36.735615,-4.448932
1926,Cmno. de la Corta - Capitán Eliseo,624,36.73593,-4.450301
1927,Cmno. de la Corta - Plaza,613,36.736324,-4.4510126
1928,Cmno. San Alberto - Tormes,625,36.73605,-4.4528103
1929,Cmno.  San Alberto,626,36.734978,-4.452082
1930,Cmno.  San Alberto - Riotinto,627,36.733704,-4.451245
1935,Cmno. San Alberto - Granja Suárez,754,36.73112,-4.4499264
1945,Cmno. del Pilar - Ctra. Coín,7808,36.661373,-4.5063972
1946,Cmno. de la Sierra - Cmno. del Pilar,7809,36.65924,-4.507064
1947,Cmno. de la Sierra - Aureliano Buendía,7810,36.658394,-4.5080123
1948,Cmno. de la Sierra ,7811,36.65652,-4.509802
1949,Cmno. de la Sierra - Sofía,7812,36.654312,-4.5117226
1950,Hungría,7813,36.653255,-4.512007
1951,Hungría - Guillermo Tell,7814,36.650715,-4.5068564
1952,Cmno. Pilar - Realenga de Maza,7815,36.650146,-4.5047812
1953,Cmno. Pilar - Pozos Blancos,7816,36.64823,-4.504117
1954,Cortijo de Maza,7801,36.646366,-4.503284
1955,Cmno. del Pilar - Pozos Blancos ,7802,36.648045,-4.5039825
1956,Cmno. del Pilar - Realenga de Maza,7803,36.65008,-4.504716
1957,Remedios Varo,7804,36.65711,-4.505444
1958,Mercedes Formica,7805,36.65735,-4.5030966
1959,María Martínez Sierra,7806,36.65845,-4.502296
1960,Madre Asunción Soler,7807,36.660194,-4.49976
1999,Louis Pasteur - Informática,6502,36.715824,-4.476169
2000,Dr. Ortiz Ramos,511,36.7162,-4.490533
2001,Ingenierías,6501,36.716175,-4.4939194
2002,Ciencias de la Salud,6552,36.715317,-4.500041
2003,Ingenierías,6551,36.716034,-4.4939265
2004,Dr. Ortiz Ramos,562,36.71608,-4.490418
2005,Louis Pasteur - Complejo Deportivo,6553,36.716248,-4.4801054
2105,Av. Valle Inclán,4203,36.73651,-4.4336257
2163,Parque Tecnológico,2514,36.731495,-4.5508614
2171,Escuela Agrícola,2576,36.732723,-4.560392
2172,Parque Tecnológico,2555,36.73054,-4.549644
2222,Pierrot - Cortijo Alto,4406,36.711994,-4.462718
2260,Aristófanes,6202,36.721924,-4.482612
2264,Pierrot - Cortijo Alto,4454,36.711994,-4.462718
2280,Av. M. Agustín Heredia,13801,36.716328,-4.420708
2299,Cuartel de la Guardia Civil,13802,36.66193,-4.5051513
2306,Calle Torremolinos - Av. San Javier,13861,36.665848,-4.503862
2307,Teresa Blasco - Mercado,13862,36.66792,-4.5035315
2325,Cmno. Loma San Julián - Centro Comercial,13863,36.669003,-4.4694204
2326,Cmno. Loma de San Julián - Centro Comercial,13864,36.669003,-4.4687557
